'Page Number,'Type,'Text,'Confidence Score % (Line),
"'1","'LINE","'Samantha Hall","'99.87329102"
"'1","'LINE","'High School Student","'99.96731567"
"'1","'LINE","'s.hall@email.com","'96.12702942"
"'1","'LINE","'(123) 456-7890","'98.87693787"
"'1","'LINE","'New York NY","'89.31610870"
"'1","'LINE","'Linkedin","'74.56532288"
"'1","'LINE","'Passionate sports talent with a relentless commitment to excellence, seeking a high school","'98.89766693"
"'1","'LINE","'scholarship at Hunter College High School to harness my athletic potential while excelling","'99.82270813"
"'1","'LINE","'academically Eager to cultivate my athletic skills, foster teamwork and leadership qualities,","'93.87036896"
"'1","'LINE","'all within a rigorous academic environment with the ultimate goal of becoming a well-","'97.12432861"
"'1","'LINE","'rounded student-athlete who can make a positive impact both on and off the field.","'96.79047394"
"'1","'LINE","'PROJECTS","'99.80723572"
"'1","'LINE","'Yearbook Committee - Team Member","'99.45239258"
"'1","'LINE","'2018","'99.69789886"
"'1","'LINE","'Collaborated with a team of 8 peers, including photographers, writers, and editors, to","'96.33059692"
"'1","'LINE","'plan and execute the school yearbook project.","'99.22035217"
"'1","'LINE","'Contributed creative ideas and concepts, leading to the development of unique themes","'98.90723419"
"'1","'LINE","'for each section of the yearbook","'95.95061493"
"'1","'LINE","'Utilized Adobe InDesign to design captivating layouts for the yearbook pages,","'98.96006775"
"'1","'LINE","'integrating vibrant color schemes and visually engaging graphics.","'94.86030579"
"'1","'LINE","'Edited and proofread content meticulously using Microsoft Word and Grammarly,","'97.84800720"
"'1","'LINE","'ensuring accurate grammar, spelling, and consistency in all written materials","'96.59735870"
"'1","'LINE","'Distributed a polished and professional yearbook to 800+ students and faculty","'99.87610626"
"'1","'LINE","'members, receiving positive feedback for its quality","'93.24502563"
"'1","'LINE","'School Garden Initiative - Team Researcher","'99.56939697"
"'1","'LINE","'2016","'99.85998535"
"'1","'LINE","'Conducted soil tests using SDA software to assess soil quality, resulting in a significant","'98.79788971"
"'1","'LINE","'increase in improvement in soil conditions over 2 weeks","'97.11965942"
"'1","'LINE","'Gathered information on over 14 plant varieties and their suitability for the school","'99.85001373"
"'1","'LINE","'garden.","'91.72608185"
"'1","'LINE","'Implemented optimized gardening techniques based on research findings, leading to a","'98.50528717"
"'1","'LINE","'59 kilo increase in the yield of vegetables and fruits","'97.09722137"
"'1","'LINE","'Managed project resources effectively, achieving a $2,112 cost savings in the","'93.64792633"
"'1","'LINE","'procurement of gardening supplies and equipment","'95.75121307"
"'1","'LINE","'EDUCATION","'99.93256378"
"'1","'LINE","'Hunter College High School - High School Student","'99.07289124"
"'1","'LINE","'2020 current","'99.89177704"
"'1","'LINE","'New York NY","'91.91667938"
"'1","'LINE","'SKILLS","'99.77875519"
"'1","'LINE","'Microsoft Office: WhatsApp: Adobe Indesign: SDA Software: Grammarly, Excel","'83.91156006"
